#Chromosome	Position	Status	Reference	SH12-006	SH12-008	SH13-001	SH13-002	SH13-003	SH14-002	SH14-003	SH14-004
gi|194447306|ref|NC_011083.1|	58804	filtered-coverage	T	A	A	T	T	T	-	T	-
gi|194447306|ref|NC_011083.1|	63393	valid	C	A	A	C	C	C	C	C	C
gi|194447306|ref|NC_011083.1|	71448	valid	C	T	T	C	C	C	C	C	C
gi|194447306|ref|NC_011083.1|	140658	valid	C	A	A	A	A	A	A	A	A
gi|194447306|ref|NC_011083.1|	203200	valid	C	T	T	T	T	T	T	T	T
gi|194447306|ref|NC_011083.1|	231665	filtered-coverage	C	T	T	T	-	T	T	T	T
gi|194447306|ref|NC_011083.1|	272673	valid	A	A	A	T	T	T	A	A	A
gi|194447306|ref|NC_011083.1|	294927	valid	G	G	G	A	A	A	G	G	G
gi|194447306|ref|NC_011083.1|	298472	filtered-invalid	A	C	C	C	C	C	C	C	C
gi|194447306|ref|NC_011083.1|	298943	filtered-invalid	A	T	T	T	T	T	T	-	T
gi|194447306|ref|NC_011083.1|	299021	filtered-invalid	A	-	-	-	G	A	-	-	-
gi|194447306|ref|NC_011083.1|	299078	filtered-invalid	T	-	-	-	A	-	-	T	N
gi|194447306|ref|NC_011083.1|	299079	filtered-invalid	T	-	-	-	C	-	-	T	N
gi|194447306|ref|NC_011083.1|	332394	valid	C	C	C	T	T	T	C	C	C
gi|194447306|ref|NC_011083.1|	333057	valid	T	G	G	G	G	G	G	G	G
gi|194447306|ref|NC_011083.1|	348662	filtered-coverage	A	A	-	A	A	A	T	T	T
gi|194447306|ref|NC_011083.1|	349640	filtered-coverage	A	-	G	A	A	A	A	A	-
gi|194447306|ref|NC_011083.1|	379589	valid	C	C	C	T	T	T	C	C	C
gi|194447306|ref|NC_011083.1|	384529	valid	T	C	C	C	C	C	C	C	C
gi|194447306|ref|NC_011083.1|	385341	valid	G	G	G	G	G	G	C	C	C
gi|194447306|ref|NC_011083.1|	475967	valid	G	T	T	G	G	G	G	G	G
gi|194447306|ref|NC_011083.1|	486312	valid	C	T	T	C	C	C	C	C	C
gi|194447306|ref|NC_011083.1|	508378	valid	C	C	C	T	T	T	C	C	C
gi|194447306|ref|NC_011083.1|	515833	valid	T	A	A	T	T	T	T	T	T
gi|194447306|ref|NC_011083.1|	542308	valid	G	A	A	A	A	A	A	A	A
gi|194447306|ref|NC_011083.1|	580280	filtered-coverage	C	C	C	T	T	T	C	C	-
gi|194447306|ref|NC_011083.1|	602044	filtered-invalid	T	G	G	G	G	G	G	G	G
gi|194447306|ref|NC_011083.1|	602110	filtered-invalid	T	-	G	G	G	G	-	G	-
gi|194447306|ref|NC_011083.1|	608765	filtered-invalid	C	C	C	T	T	T	C	C	C
gi|194447306|ref|NC_011083.1|	608855	filtered-invalid	T	C	C	C	C	C	C	C	C
gi|194447306|ref|NC_011083.1|	630556	valid	G	A	A	G	G	G	A	A	A
gi|194447306|ref|NC_011083.1|	632487	valid	C	C	C	C	C	C	T	T	T
gi|194447306|ref|NC_011083.1|	652514	valid	C	C	C	C	C	C	T	T	T
gi|194447306|ref|NC_011083.1|	693729	valid	A	A	A	G	G	G	A	A	A
gi|194447306|ref|NC_011083.1|	723772	filtered-coverage	T	T	T	C	C	C	-	T	T
gi|194447306|ref|NC_011083.1|	729777	valid	G	T	T	T	T	T	T	T	T
gi|194447306|ref|NC_011083.1|	758813	filtered-coverage	C	C	C	T	T	-	C	C	C
gi|194447306|ref|NC_011083.1|	778446	valid	T	G	G	T	T	T	T	T	T
gi|194447306|ref|NC_011083.1|	833188	valid	T	A	A	T	T	T	T	T	T
gi|194447306|ref|NC_011083.1|	837476	filtered-coverage	A	G	G	A	A	-	-	A	A
gi|194447306|ref|NC_011083.1|	882634	filtered-coverage	G	-	G	N	-	A	G	G	-
gi|194447306|ref|NC_011083.1|	933657	valid	T	G	G	G	G	G	G	G	G
gi|194447306|ref|NC_011083.1|	957493	valid	A	A	A	G	G	G	A	A	A
gi|194447306|ref|NC_011083.1|	1000708	filtered-coverage	T	-	T	T	T	T	-	C	C
gi|194447306|ref|NC_011083.1|	1024983	filtered-coverage	A	-	C	C	-	C	C	C	-
gi|194447306|ref|NC_011083.1|	1031558	filtered-invalid	A	A	A	G	G	G	A	A	A
gi|194447306|ref|NC_011083.1|	1031571	filtered-invalid	T	T	T	C	C	C	T	T	T
gi|194447306|ref|NC_011083.1|	1033192	filtered-coverage	G	T	T	T	T	-	T	T	T
gi|194447306|ref|NC_011083.1|	1040599	valid	G	G	G	G	G	G	A	A	A
gi|194447306|ref|NC_011083.1|	1041521	valid	C	C	C	T	T	T	C	C	C
gi|194447306|ref|NC_011083.1|	1053658	valid	T	C	C	C	C	C	C	C	C
gi|194447306|ref|NC_011083.1|	1058452	valid	C	A	A	A	A	A	A	A	A
gi|194447306|ref|NC_011083.1|	1065495	valid	G	G	G	G	G	G	T	T	T
gi|194447306|ref|NC_011083.1|	1090694	valid	C	A	A	C	C	C	C	C	C
gi|194447306|ref|NC_011083.1|	1128458	valid	T	T	T	G	G	G	T	T	T
gi|194447306|ref|NC_011083.1|	1159308	valid	G	A	A	G	G	G	G	G	G
gi|194447306|ref|NC_011083.1|	1177097	filtered-coverage	C	C	C	C	-	C	T	T	T
gi|194447306|ref|NC_011083.1|	1198143	filtered-coverage	T	C	C	-	C	C	C	-	C
gi|194447306|ref|NC_011083.1|	1312991	valid	C	T	T	T	T	T	T	T	T
gi|194447306|ref|NC_011083.1|	1428207	filtered-coverage	T	C	C	-	-	T	C	C	C
gi|194447306|ref|NC_011083.1|	1441450	filtered-invalid	T	-	C	-	C	C	C	C	-
gi|194447306|ref|NC_011083.1|	1441600	filtered-invalid	A	C	C	C	C	C	-	C	C
gi|194447306|ref|NC_011083.1|	1467535	valid	G	G	G	G	G	G	A	A	A
gi|194447306|ref|NC_011083.1|	1556278	filtered-coverage	C	-	-	-	-	T	-	-	T
gi|194447306|ref|NC_011083.1|	1564848	valid	G	G	G	A	A	A	G	G	G
gi|194447306|ref|NC_011083.1|	1572862	filtered-coverage	A	C	-	A	A	A	A	A	A
gi|194447306|ref|NC_011083.1|	1582551	filtered-coverage	C	-	A	C	C	C	C	C	C
gi|194447306|ref|NC_011083.1|	1588633	valid	A	T	T	T	T	T	T	T	T
gi|194447306|ref|NC_011083.1|	1671376	valid	C	C	C	T	T	T	C	C	C
gi|194447306|ref|NC_011083.1|	1868560	valid	T	T	T	A	A	A	T	T	T
gi|194447306|ref|NC_011083.1|	1877383	valid	G	G	G	G	G	G	A	A	A
gi|194447306|ref|NC_011083.1|	1883297	valid	C	T	T	C	C	C	C	C	C
gi|194447306|ref|NC_011083.1|	1901346	filtered-invalid	T	G	G	G	G	G	G	G	-
gi|194447306|ref|NC_011083.1|	1901351	filtered-invalid	G	A	A	A	A	A	A	A	-
gi|194447306|ref|NC_011083.1|	1930007	valid	A	G	G	A	A	A	A	A	A
gi|194447306|ref|NC_011083.1|	1939442	valid	T	G	G	G	G	G	G	G	G
gi|194447306|ref|NC_011083.1|	1943117	valid	T	C	C	C	C	C	C	C	C
gi|194447306|ref|NC_011083.1|	1944240	filtered-coverage	G	G	G	A	A	A	-	G	G
gi|194447306|ref|NC_011083.1|	1946123	valid	T	A	A	T	T	T	T	T	T
gi|194447306|ref|NC_011083.1|	1947794	valid	A	G	G	G	G	G	G	G	G
gi|194447306|ref|NC_011083.1|	2049576	valid	A	A	A	C	C	C	A	A	A
gi|194447306|ref|NC_011083.1|	2116012	valid	G	T	T	G	G	G	T	T	T
gi|194447306|ref|NC_011083.1|	2131377	filtered-coverage	C	C	C	-	C	C	G	-	G
gi|194447306|ref|NC_011083.1|	2161969	filtered-coverage	G	-	A	G	G	G	A	A	-
gi|194447306|ref|NC_011083.1|	2209595	valid	G	G	G	G	G	G	A	A	A
gi|194447306|ref|NC_011083.1|	2209731	valid	A	A	A	C	C	C	A	A	A
gi|194447306|ref|NC_011083.1|	2212716	valid	C	C	C	T	T	T	C	C	C
gi|194447306|ref|NC_011083.1|	2225479	valid	G	G	G	T	T	T	G	G	G
gi|194447306|ref|NC_011083.1|	2248358	valid	T	C	C	C	C	C	C	C	C
gi|194447306|ref|NC_011083.1|	2249268	valid	G	G	G	C	C	C	G	G	G
gi|194447306|ref|NC_011083.1|	2264477	valid	T	A	A	T	T	T	T	T	T
gi|194447306|ref|NC_011083.1|	2269827	valid	C	A	A	A	A	A	A	A	A
gi|194447306|ref|NC_011083.1|	2288294	valid	A	G	G	G	G	G	G	G	G
gi|194447306|ref|NC_011083.1|	2330675	filtered-invalid	G	G	-	T	T	T	G	G	G
gi|194447306|ref|NC_011083.1|	2330869	filtered-invalid	G	G	G	A	A	A	G	G	G
gi|194447306|ref|NC_011083.1|	2340361	valid	G	G	G	G	G	G	A	A	A
gi|194447306|ref|NC_011083.1|	2382600	filtered-invalid	A	C	C	C	C	C	C	C	C
gi|194447306|ref|NC_011083.1|	2383568	filtered-invalid	C	T	T	C	C	C	C	C	C
gi|194447306|ref|NC_011083.1|	2446869	filtered-coverage	G	T	T	-	T	T	T	T	-
gi|194447306|ref|NC_011083.1|	2453687	valid	G	A	A	G	G	G	G	G	G
gi|194447306|ref|NC_011083.1|	2479385	filtered-coverage	C	A	A	-	-	C	C	C	C
gi|194447306|ref|NC_011083.1|	2485187	valid	G	T	T	T	T	T	T	T	T
gi|194447306|ref|NC_011083.1|	2502257	valid	A	G	G	A	A	A	A	A	A
gi|194447306|ref|NC_011083.1|	2512687	filtered-coverage	A	C	C	A	A	A	A	-	A
gi|194447306|ref|NC_011083.1|	2573850	filtered-coverage	C	C	-	T	T	T	C	C	C
gi|194447306|ref|NC_011083.1|	2578018	filtered-coverage	G	A	A	A	A	A	A	-	A
gi|194447306|ref|NC_011083.1|	2663570	filtered-coverage	A	C	C	-	C	C	C	C	C
gi|194447306|ref|NC_011083.1|	2688017	filtered-coverage	A	A	-	A	A	-	G	-	A
gi|194447306|ref|NC_011083.1|	2688178	filtered-invalid	G	G	T	G	-	G	G	G	G
gi|194447306|ref|NC_011083.1|	2688194	filtered-invalid	A	A	G	A	-	A	A	A	A
gi|194447306|ref|NC_011083.1|	2688199	filtered-invalid	C	C	T	C	-	C	C	C	C
gi|194447306|ref|NC_011083.1|	2732743	filtered-coverage	G	-	A	-	G	G	-	G	G
gi|194447306|ref|NC_011083.1|	2741904	valid	T	A	A	T	T	T	T	T	T
gi|194447306|ref|NC_011083.1|	2815662	valid	A	A	A	A	A	A	T	T	T
gi|194447306|ref|NC_011083.1|	2825414	valid	A	G	G	G	G	G	G	G	G
gi|194447306|ref|NC_011083.1|	2841095	filtered-coverage	G	G	G	A	-	-	G	G	G
gi|194447306|ref|NC_011083.1|	2849499	valid	G	G	G	T	T	T	G	G	G
gi|194447306|ref|NC_011083.1|	2870244	valid	T	T	T	T	T	T	G	G	G
gi|194447306|ref|NC_011083.1|	2885252	filtered-invalid	A	A	A	A	A	A	G	G	G
gi|194447306|ref|NC_011083.1|	2899213	filtered-coverage	T	-	T	C	C	C	T	T	T
gi|194447306|ref|NC_011083.1|	2950854	filtered-coverage	T	-	C	C	C	C	C	C	-
gi|194447306|ref|NC_011083.1|	2975402	valid	G	G	G	A	A	A	G	G	G
gi|194447306|ref|NC_011083.1|	2984061	valid	C	T	T	T	T	T	T	T	T
gi|194447306|ref|NC_011083.1|	3012412	valid	C	C	C	C	C	C	T	T	T
gi|194447306|ref|NC_011083.1|	3028527	valid	G	G	G	G	G	G	T	T	T
gi|194447306|ref|NC_011083.1|	3070926	valid	C	C	C	C	C	C	T	T	T
gi|194447306|ref|NC_011083.1|	3082940	filtered-coverage	G	G	-	G	G	G	A	A	A
gi|194447306|ref|NC_011083.1|	3103501	valid	G	G	G	A	A	A	G	G	G
gi|194447306|ref|NC_011083.1|	3106836	filtered-coverage	G	G	G	A	A	A	G	G	-
gi|194447306|ref|NC_011083.1|	3141799	valid	G	G	G	A	A	A	G	G	G
gi|194447306|ref|NC_011083.1|	3181094	valid	G	G	G	A	A	A	G	G	G
gi|194447306|ref|NC_011083.1|	3190398	valid	G	A	A	A	A	A	A	A	A
gi|194447306|ref|NC_011083.1|	3260844	filtered-coverage	G	A	-	G	G	G	G	G	G
gi|194447306|ref|NC_011083.1|	3263035	valid	A	G	G	G	G	G	G	G	G
gi|194447306|ref|NC_011083.1|	3305101	valid	T	T	T	C	C	C	T	T	T
gi|194447306|ref|NC_011083.1|	3326094	valid	A	G	G	G	G	G	G	G	G
gi|194447306|ref|NC_011083.1|	3371258	filtered-invalid	G	A	A	A	A	A	-	A	-
gi|194447306|ref|NC_011083.1|	3371274	filtered-invalid	C	-	-	-	A	A	-	A	-
gi|194447306|ref|NC_011083.1|	3371282	filtered-invalid	T	-	-	-	C	C	-	C	-
gi|194447306|ref|NC_011083.1|	3403043	filtered-coverage	T	A	A	-	T	T	T	T	T
gi|194447306|ref|NC_011083.1|	3435178	filtered-mpileup	A	A	A	N	G	G	A	A	A
gi|194447306|ref|NC_011083.1|	3472341	filtered-coverage	G	G	-	A	A	A	G	G	G
gi|194447306|ref|NC_011083.1|	3500250	valid	G	G	G	A	A	A	G	G	G
gi|194447306|ref|NC_011083.1|	3515021	valid	C	C	C	C	C	C	T	T	T
gi|194447306|ref|NC_011083.1|	3520621	valid	C	C	C	T	T	T	C	C	C
gi|194447306|ref|NC_011083.1|	3532590	valid	A	G	G	G	G	G	G	G	G
gi|194447306|ref|NC_011083.1|	3533472	filtered-invalid	C	T	T	T	T	T	T	T	T
gi|194447306|ref|NC_011083.1|	3535121	filtered-invalid	C	-	-	-	T	-	T	-	T
gi|194447306|ref|NC_011083.1|	3535123	filtered-invalid	C	-	-	-	T	-	T	-	T
gi|194447306|ref|NC_011083.1|	3535125	filtered-invalid	A	-	-	-	G	-	G	-	G
gi|194447306|ref|NC_011083.1|	3535131	filtered-invalid	C	-	-	-	T	-	T	-	T
gi|194447306|ref|NC_011083.1|	3535143	filtered-invalid	A	-	-	-	T	-	T	-	-
gi|194447306|ref|NC_011083.1|	3535146	filtered-invalid	G	-	-	-	C	-	C	-	-
gi|194447306|ref|NC_011083.1|	3535149	filtered-invalid	T	-	-	-	G	-	G	-	-
gi|194447306|ref|NC_011083.1|	3535152	filtered-invalid	C	-	-	-	G	-	G	-	-
gi|194447306|ref|NC_011083.1|	3535164	filtered-invalid	A	-	-	-	G	-	G	-	-
gi|194447306|ref|NC_011083.1|	3535179	filtered-invalid	T	-	-	-	C	-	C	-	-
gi|194447306|ref|NC_011083.1|	3535191	filtered-invalid	T	-	-	-	G	-	G	-	-
gi|194447306|ref|NC_011083.1|	3535233	filtered-invalid	C	-	-	-	-	-	G	-	-
gi|194447306|ref|NC_011083.1|	3535656	filtered-invalid	C	-	-	G	-	-	-	-	-
gi|194447306|ref|NC_011083.1|	3535660	filtered-invalid	A	-	-	T	-	-	-	-	-
gi|194447306|ref|NC_011083.1|	3535662	filtered-invalid	A	-	-	G	-	-	-	-	-
gi|194447306|ref|NC_011083.1|	3535698	filtered-invalid	G	-	-	C	-	-	-	-	-
gi|194447306|ref|NC_011083.1|	3535699	filtered-invalid	C	-	-	A	-	-	-	-	-
gi|194447306|ref|NC_011083.1|	3535700	filtered-invalid	C	-	-	T	-	-	-	-	-
gi|194447306|ref|NC_011083.1|	3552310	valid	C	T	T	C	C	C	C	C	C
gi|194447306|ref|NC_011083.1|	3557992	valid	C	T	T	T	T	T	T	T	T
gi|194447306|ref|NC_011083.1|	3605709	valid	T	A	A	A	A	A	A	A	A
gi|194447306|ref|NC_011083.1|	3691534	valid	C	C	C	A	A	A	C	C	C
gi|194447306|ref|NC_011083.1|	3707524	valid	G	T	T	T	T	T	T	T	T
gi|194447306|ref|NC_011083.1|	3748931	filtered-invalid	A	A	-	A	A	A	C	C	C
gi|194447306|ref|NC_011083.1|	3748932	filtered-invalid	A	A	-	A	A	A	T	T	T
gi|194447306|ref|NC_011083.1|	3755991	filtered-invalid	A	-	C	C	C	C	-	C	C
gi|194447306|ref|NC_011083.1|	3756439	filtered-invalid	G	G	G	G	G	G	A	-	A
gi|194447306|ref|NC_011083.1|	3796657	valid	C	C	C	A	A	A	C	C	C
gi|194447306|ref|NC_011083.1|	3802855	valid	A	A	A	C	C	C	A	A	A
gi|194447306|ref|NC_011083.1|	3821019	valid	C	C	C	T	T	T	C	C	C
gi|194447306|ref|NC_011083.1|	3844892	filtered-coverage	G	-	T	-	T	T	T	T	T
gi|194447306|ref|NC_011083.1|	3869320	valid	C	A	A	C	C	C	A	A	A
gi|194447306|ref|NC_011083.1|	3869640	filtered-coverage	G	G	G	-	A	-	G	G	G
gi|194447306|ref|NC_011083.1|	3875967	filtered-coverage	A	G	G	G	G	G	G	G	-
gi|194447306|ref|NC_011083.1|	3879485	filtered-coverage	G	G	G	-	A	A	G	G	G
gi|194447306|ref|NC_011083.1|	3901291	filtered-coverage	G	G	G	A	A	A	G	G	-
gi|194447306|ref|NC_011083.1|	3905307	filtered-coverage	C	A	A	C	C	C	-	C	C
gi|194447306|ref|NC_011083.1|	3943095	valid	G	G	G	A	A	A	G	G	G
gi|194447306|ref|NC_011083.1|	3945452	valid	G	C	C	C	C	C	C	C	C
gi|194447306|ref|NC_011083.1|	4082381	filtered-mpileup	C	T	T	N	T	T	T	T	T
gi|194447306|ref|NC_011083.1|	4107189	valid	C	T	T	C	C	C	C	C	C
gi|194447306|ref|NC_011083.1|	4112031	filtered-invalid	T	T	T	A	-	-	T	T	T
gi|194447306|ref|NC_011083.1|	4112032	filtered-invalid	T	T	T	C	-	-	T	T	T
gi|194447306|ref|NC_011083.1|	4127193	valid	G	G	G	G	G	G	A	A	A
gi|194447306|ref|NC_011083.1|	4236458	valid	C	T	T	C	C	C	C	C	C
gi|194447306|ref|NC_011083.1|	4320774	valid	C	A	A	A	A	A	A	A	A
gi|194447306|ref|NC_011083.1|	4371957	filtered-invalid	A	-	-	-	-	G	-	-	-
gi|194447306|ref|NC_011083.1|	4371981	filtered-invalid	A	-	-	-	-	G	-	-	-
gi|194447306|ref|NC_011083.1|	4372029	filtered-invalid	T	-	-	-	-	C	-	-	-
gi|194447306|ref|NC_011083.1|	4372048	filtered-invalid	A	-	-	-	-	T	-	-	-
gi|194447306|ref|NC_011083.1|	4382835	valid	A	G	G	A	A	A	A	A	A
gi|194447306|ref|NC_011083.1|	4384633	valid	G	A	A	A	A	A	A	A	A
gi|194447306|ref|NC_011083.1|	4482211	valid	C	C	C	C	C	C	A	A	A
gi|194447306|ref|NC_011083.1|	4485141	filtered-invalid	C	C	C	C	C	C	T	-	T
gi|194447306|ref|NC_011083.1|	4485150	filtered-invalid	T	T	T	T	T	T	C	-	C
gi|194447306|ref|NC_011083.1|	4485158	filtered-invalid	C	C	C	C	C	C	-	A	-
gi|194447306|ref|NC_011083.1|	4485161	filtered-invalid	A	A	A	A	A	A	-	G	-
gi|194447306|ref|NC_011083.1|	4485165	filtered-invalid	G	G	G	G	G	G	-	C	-
gi|194447306|ref|NC_011083.1|	4485168	filtered-invalid	G	G	G	G	G	G	-	C	-
gi|194447306|ref|NC_011083.1|	4485171	filtered-invalid	C	C	C	C	C	C	-	T	-
gi|194447306|ref|NC_011083.1|	4485174	filtered-invalid	C	C	C	C	C	C	-	T	-
gi|194447306|ref|NC_011083.1|	4485187	filtered-invalid	G	G	G	G	G	G	-	A	A
gi|194447306|ref|NC_011083.1|	4485188	filtered-invalid	G	G	G	G	G	G	-	C	C
gi|194447306|ref|NC_011083.1|	4485189	filtered-invalid	G	G	G	G	G	G	-	C	C
gi|194447306|ref|NC_011083.1|	4485192	filtered-invalid	C	C	C	C	C	C	-	T	T
gi|194447306|ref|NC_011083.1|	4485195	filtered-invalid	T	T	T	T	T	T	-	C	C
gi|194447306|ref|NC_011083.1|	4485198	filtered-invalid	C	C	C	C	C	C	-	T	T
gi|194447306|ref|NC_011083.1|	4524891	filtered-coverage	A	A	A	A	A	A	-	T	T
gi|194447306|ref|NC_011083.1|	4548496	valid	C	T	T	C	C	C	C	C	C
gi|194447306|ref|NC_011083.1|	4559277	filtered-coverage	C	-	T	C	-	-	-	-	-
gi|194447306|ref|NC_011083.1|	4627738	filtered-coverage	C	C	C	A	A	-	C	C	C
gi|194447306|ref|NC_011083.1|	4636822	valid	T	C	C	C	C	C	C	C	C
gi|194447306|ref|NC_011083.1|	4647242	valid	T	T	T	T	T	T	G	G	G
gi|194447306|ref|NC_011083.1|	4658548	valid	G	C	C	C	C	C	C	C	C
gi|194447306|ref|NC_011083.1|	4716545	valid	T	C	C	C	C	C	C	C	C
gi|194447306|ref|NC_011083.1|	4757382	valid	C	C	C	T	T	T	C	C	C
gi|194447306|ref|NC_011083.1|	4789652	filtered-coverage	G	A	-	G	G	G	G	-	G
gi|194447306|ref|NC_011083.1|	4824790	filtered-coverage	T	C	C	C	C	C	-	-	C
gi|194447306|ref|NC_011083.1|	4854331	filtered-coverage	A	G	G	-	G	G	-	G	G
gi|194447306|ref|NC_011083.1|	4860641	valid	G	A	A	A	A	A	A	A	A
gi|194447306|ref|NC_011083.1|	4876176	filtered-coverage	A	G	G	G	G	G	-	G	G
gi|194447306|ref|NC_011083.1|	4882099	valid	C	T	T	T	T	T	T	T	T
gi|194447306|ref|NC_011083.1|	4884909	filtered-coverage	T	C	-	C	C	C	-	-	C
gi|194447306|ref|NC_011083.1|	4888140	valid	G	T	T	T	T	T	T	T	T
